name,test,fen,nodes,time,nps,m_nps
shakmaty 0.27.2,0,rnbqkbnr/pppppppp/8/8/8/8/PPPPPPPP/RNBQKBNR w KQkq - 0 1,124132536,3.2622733,38050932,38.050934
cozy-chess 0.3.4,0,rnbqkbnr/pppppppp/8/8/8/8/PPPPPPPP/RNBQKBNR w KQkq - 0 1,124132536,3.4372482,36113930,36.11393
chess 3.2.0,0,rnbqkbnr/pppppppp/8/8/8/8/PPPPPPPP/RNBQKBNR w KQkq - 0 1,124132536,3.3631372,36909744,36.909744
chessie 1.0.0,0,rnbqkbnr/pppppppp/8/8/8/8/PPPPPPPP/RNBQKBNR w KQkq - 0 1,124132536,4.6940327,26444754,26.444754
shakmaty 0.27.2,1,r3k2r/p1ppqpb1/bn2pnp1/3PN3/1p2P3/2N2Q1p/PPPBBPPP/R3K2R w KQkq - 0 1,197876242,4.7984943,41237150,41.237152
cozy-chess 0.3.4,1,r3k2r/p1ppqpb1/bn2pnp1/3PN3/1p2P3/2N2Q1p/PPPBBPPP/R3K2R w KQkq - 0 1,197876242,5.1597714,38349810,38.349808
chess 3.2.0,1,r3k2r/p1ppqpb1/bn2pnp1/3PN3/1p2P3/2N2Q1p/PPPBBPPP/R3K2R w KQkq - 0 1,197876242,5.2690787,37554240,37.55424
chessie 1.0.0,1,r3k2r/p1ppqpb1/bn2pnp1/3PN3/1p2P3/2N2Q1p/PPPBBPPP/R3K2R w KQkq - 0 1,197876242,7.053637,28053080,28.05308
shakmaty 0.27.2,2,4k3/8/8/8/8/8/8/4K2R w K - 0 1,906967,0.033700313,26912718,26.912718
cozy-chess 0.3.4,2,4k3/8/8/8/8/8/8/4K2R w K - 0 1,906967,0.03528491,25704104,25.704103
chess 3.2.0,2,4k3/8/8/8/8/8/8/4K2R w K - 0 1,906967,0.046039905,19699584,19.699583
chessie 1.0.0,2,4k3/8/8/8/8/8/8/4K2R w K - 0 1,906967,0.041825168,21684718,21.684717
shakmaty 0.27.2,3,4k3/8/8/8/8/8/8/R3K3 w Q - 0 1,1000880,0.037894685,26412148,26.412148
cozy-chess 0.3.4,3,4k3/8/8/8/8/8/8/R3K3 w Q - 0 1,1000880,0.039485272,25348186,25.348186
chess 3.2.0,3,4k3/8/8/8/8/8/8/R3K3 w Q - 0 1,1000880,0.035239775,28401998,28.401999
chessie 1.0.0,3,4k3/8/8/8/8/8/8/R3K3 w Q - 0 1,1000880,0.043925595,22785804,22.785805
shakmaty 0.27.2,4,4k2r/8/8/8/8/8/8/4K3 w k - 0 1,955906,0.026912265,35519344,35.519344
cozy-chess 0.3.4,4,4k2r/8/8/8/8/8/8/4K3 w k - 0 1,955906,0.028437948,33613748,33.613747
chess 3.2.0,4,4k2r/8/8/8/8/8/8/4K3 w k - 0 1,955906,0.027866911,34302544,34.302544
chessie 1.0.0,4,4k2r/8/8/8/8/8/8/4K3 w k - 0 1,955906,0.0349176,27376050,27.37605
shakmaty 0.27.2,5,r3k3/8/8/8/8/8/8/4K3 w q - 0 1,1063708,0.029856283,35627610,35.62761
cozy-chess 0.3.4,5,r3k3/8/8/8/8/8/8/4K3 w q - 0 1,1063708,0.031361505,33917630,33.917633
chess 3.2.0,5,r3k3/8/8/8/8/8/8/4K3 w q - 0 1,1063708,0.030556755,34810896,34.810898
chessie 1.0.0,5,r3k3/8/8/8/8/8/8/4K3 w q - 0 1,1063708,0.038156547,27877470,27.87747
shakmaty 0.27.2,6,4k3/8/8/8/8/8/8/R3K2R w KQ - 0 1,3343187,0.1287016,25976266,25.976267
cozy-chess 0.3.4,6,4k3/8/8/8/8/8/8/R3K2R w KQ - 0 1,3343187,0.13446765,24862390,24.86239
chess 3.2.0,6,4k3/8/8/8/8/8/8/R3K2R w KQ - 0 1,3343187,0.11761181,28425606,28.425606
chessie 1.0.0,6,4k3/8/8/8/8/8/8/R3K2R w KQ - 0 1,3343187,0.15504542,21562630,21.56263
shakmaty 0.27.2,7,r3k2r/8/8/8/8/8/8/4K3 w kq - 0 1,3659749,0.094391555,38771996,38.771996
cozy-chess 0.3.4,7,r3k2r/8/8/8/8/8/8/4K3 w kq - 0 1,3659749,0.097146414,37672508,37.67251
chess 3.2.0,7,r3k2r/8/8/8/8/8/8/4K3 w kq - 0 1,3659749,0.09891638,36998412,36.998413
chessie 1.0.0,7,r3k2r/8/8/8/8/8/8/4K3 w kq - 0 1,3659749,0.13167448,27793912,27.793913
shakmaty 0.27.2,8,8/8/8/8/8/8/6k1/4K2R w K - 0 1,226435,0.009429152,24014354,24.014355
cozy-chess 0.3.4,8,8/8/8/8/8/8/6k1/4K2R w K - 0 1,226435,0.009805822,23091894,23.091894
chess 3.2.0,8,8/8/8/8/8/8/6k1/4K2R w K - 0 1,226435,0.00872848,25942088,25.942087
chessie 1.0.0,8,8/8/8/8/8/8/6k1/4K2R w K - 0 1,226435,0.009704151,23333828,23.333828
shakmaty 0.27.2,9,8/8/8/8/8/8/1k6/R3K3 w Q - 0 1,499308,0.0203522,24533368,24.533367
cozy-chess 0.3.4,9,8/8/8/8/8/8/1k6/R3K3 w Q - 0 1,499308,0.021333812,23404538,23.404537
chess 3.2.0,9,8/8/8/8/8/8/1k6/R3K3 w Q - 0 1,499308,0.01833178,27237290,27.23729
chessie 1.0.0,9,8/8/8/8/8/8/1k6/R3K3 w Q - 0 1,499308,0.020988852,23789200,23.7892
shakmaty 0.27.2,10,4k2r/6K1/8/8/8/8/8/8 w k - 0 1,192596,0.005651067,34081350,34.081352
cozy-chess 0.3.4,10,4k2r/6K1/8/8/8/8/8/8 w k - 0 1,192596,0.00617726,31178224,31.178225
chess 3.2.0,10,4k2r/6K1/8/8/8/8/8/8 w k - 0 1,192596,0.005752389,33481046,33.481045
chessie 1.0.0,10,4k2r/6K1/8/8/8/8/8/8 w k - 0 1,192596,0.007640609,25206892,25.206892
shakmaty 0.27.2,11,r3k3/1K6/8/8/8/8/8/8 w q - 0 1,392791,0.011606969,33840964,33.840965
cozy-chess 0.3.4,11,r3k3/1K6/8/8/8/8/8/8 w q - 0 1,392791,0.012101422,32458252,32.458252
chess 3.2.0,11,r3k3/1K6/8/8/8/8/8/8 w q - 0 1,392791,0.011833747,33192446,33.192448
chessie 1.0.0,11,r3k3/1K6/8/8/8/8/8/8 w q - 0 1,392791,0.015127127,25966002,25.966002
shakmaty 0.27.2,12,r3k2r/8/8/8/8/8/8/R3K2R w KQkq - 0 1,187786148,4.891206,38392610,38.39261
cozy-chess 0.3.4,12,r3k2r/8/8/8/8/8/8/R3K2R w KQkq - 0 1,187786148,5.0475326,37203550,37.203552
chess 3.2.0,12,r3k2r/8/8/8/8/8/8/R3K2R w KQkq - 0 1,187786148,5.0306954,37328068,37.328068
chessie 1.0.0,12,r3k2r/8/8/8/8/8/8/R3K2R w KQkq - 0 1,187786148,6.7050247,28006778,28.006779
shakmaty 0.27.2,13,r3k2r/8/8/8/8/8/8/1R2K2R w Kkq - 0 1,204126860,5.266037,38762900,38.7629
cozy-chess 0.3.4,13,r3k2r/8/8/8/8/8/8/1R2K2R w Kkq - 0 1,204126860,5.4299583,37592710,37.592712
chess 3.2.0,13,r3k2r/8/8/8/8/8/8/1R2K2R w Kkq - 0 1,204126860,5.435374,37555256,37.555256
chessie 1.0.0,13,r3k2r/8/8/8/8/8/8/1R2K2R w Kkq - 0 1,204126860,7.2726502,28067742,28.067741
shakmaty 0.27.2,14,r3k2r/8/8/8/8/8/8/2R1K2R w Kkq - 0 1,192474722,4.9841785,38617140,38.61714
cozy-chess 0.3.4,14,r3k2r/8/8/8/8/8/8/2R1K2R w Kkq - 0 1,192474722,5.1209965,37585404,37.585403
chess 3.2.0,14,r3k2r/8/8/8/8/8/8/2R1K2R w Kkq - 0 1,192474722,5.140834,37440370,37.44037
chessie 1.0.0,14,r3k2r/8/8/8/8/8/8/2R1K2R w Kkq - 0 1,192474722,6.838725,28144824,28.144823
shakmaty 0.27.2,15,r3k2r/8/8/8/8/8/8/R3K1R1 w Qkq - 0 1,197433097,5.1005487,38708210,38.708206
cozy-chess 0.3.4,15,r3k2r/8/8/8/8/8/8/R3K1R1 w Qkq - 0 1,197433097,5.2360926,37706190,37.706192
chess 3.2.0,15,r3k2r/8/8/8/8/8/8/R3K1R1 w Qkq - 0 1,197433097,5.2630734,37512892,37.512894
chessie 1.0.0,15,r3k2r/8/8/8/8/8/8/R3K1R1 w Qkq - 0 1,197433097,7.0292335,28087430,28.08743
shakmaty 0.27.2,16,1r2k2r/8/8/8/8/8/8/R3K2R w KQk - 0 1,206877396,5.3276033,38831230,38.83123
cozy-chess 0.3.4,16,1r2k2r/8/8/8/8/8/8/R3K2R w KQk - 0 1,206877396,5.464361,37859390,37.85939
chess 3.2.0,16,1r2k2r/8/8/8/8/8/8/R3K2R w KQk - 0 1,206877396,5.4906664,37678012,37.678013
chessie 1.0.0,16,1r2k2r/8/8/8/8/8/8/R3K2R w KQk - 0 1,206877396,7.2887936,28382940,28.38294
shakmaty 0.27.2,17,2r1k2r/8/8/8/8/8/8/R3K2R w KQk - 0 1,194000704,5.0071,38745120,38.74512
cozy-chess 0.3.4,17,2r1k2r/8/8/8/8/8/8/R3K2R w KQk - 0 1,194000704,5.131967,37802410,37.802406
chess 3.2.0,17,2r1k2r/8/8/8/8/8/8/R3K2R w KQk - 0 1,194000704,5.165665,37555804,37.555805
chessie 1.0.0,17,2r1k2r/8/8/8/8/8/8/R3K2R w KQk - 0 1,194000704,6.830793,28400906,28.400906
shakmaty 0.27.2,18,r3k1r1/8/8/8/8/8/8/R3K2R w KQq - 0 1,198939403,5.110397,38928370,38.928368
cozy-chess 0.3.4,18,r3k1r1/8/8/8/8/8/8/R3K2R w KQq - 0 1,198939403,5.2283454,38050164,38.050163
chess 3.2.0,18,r3k1r1/8/8/8/8/8/8/R3K2R w KQq - 0 1,198939403,5.2572894,37840680,37.84068
chessie 1.0.0,18,r3k1r1/8/8/8/8/8/8/R3K2R w KQq - 0 1,198939403,7.0256205,28316276,28.316277
shakmaty 0.27.2,19,4k3/8/8/8/8/8/8/4K2R b K - 0 1,955906,0.026517669,36047890,36.04789
cozy-chess 0.3.4,19,4k3/8/8/8/8/8/8/4K2R b K - 0 1,955906,0.027465103,34804384,34.804382
chess 3.2.0,19,4k3/8/8/8/8/8/8/4K2R b K - 0 1,955906,0.027420891,34860500,34.8605
chessie 1.0.0,19,4k3/8/8/8/8/8/8/4K2R b K - 0 1,955906,0.034012374,28104654,28.104654
shakmaty 0.27.2,20,4k3/8/8/8/8/8/8/R3K3 b Q - 0 1,1063708,0.030372849,35021670,35.02167
cozy-chess 0.3.4,20,4k3/8/8/8/8/8/8/R3K3 b Q - 0 1,1063708,0.04445837,23925934,23.925934
chess 3.2.0,20,4k3/8/8/8/8/8/8/R3K3 b Q - 0 1,1063708,0.041315064,25746250,25.74625
chessie 1.0.0,20,4k3/8/8/8/8/8/8/R3K3 b Q - 0 1,1063708,0.038499903,27628848,27.628847
shakmaty 0.27.2,21,4k2r/8/8/8/8/8/8/4K3 b k - 0 1,906967,0.034093756,26602144,26.602144
cozy-chess 0.3.4,21,4k2r/8/8/8/8/8/8/4K3 b k - 0 1,906967,0.03595959,25221840,25.22184
chess 3.2.0,21,4k2r/8/8/8/8/8/8/4K3 b k - 0 1,906967,0.03220692,28160626,28.160625
chessie 1.0.0,21,4k2r/8/8/8/8/8/8/4K3 b k - 0 1,906967,0.037604406,24118636,24.118635
shakmaty 0.27.2,22,r3k3/8/8/8/8/8/8/4K3 b q - 0 1,1000880,0.03769655,26550970,26.55097
cozy-chess 0.3.4,22,r3k3/8/8/8/8/8/8/4K3 b q - 0 1,1000880,0.038990512,25669834,25.669834
chess 3.2.0,22,r3k3/8/8/8/8/8/8/4K3 b q - 0 1,1000880,0.034766406,28788710,28.78871
chessie 1.0.0,22,r3k3/8/8/8/8/8/8/4K3 b q - 0 1,1000880,0.041107293,24347990,24.34799
shakmaty 0.27.2,23,4k3/8/8/8/8/8/8/R3K2R b KQ - 0 1,3659749,0.093991674,38936948,38.936947
cozy-chess 0.3.4,23,4k3/8/8/8/8/8/8/R3K2R b KQ - 0 1,3659749,0.09583836,38186684,38.186684
chess 3.2.0,23,4k3/8/8/8/8/8/8/R3K2R b KQ - 0 1,3659749,0.09839136,37195836,37.195835
chessie 1.0.0,23,4k3/8/8/8/8/8/8/R3K2R b KQ - 0 1,3659749,0.12482455,29319146,29.319145
shakmaty 0.27.2,24,r3k2r/8/8/8/8/8/8/4K3 b kq - 0 1,3343187,0.12840484,26036300,26.0363
cozy-chess 0.3.4,24,r3k2r/8/8/8/8/8/8/4K3 b kq - 0 1,3343187,0.13442402,24870460,24.87046
chess 3.2.0,24,r3k2r/8/8/8/8/8/8/4K3 b kq - 0 1,3343187,0.11776592,28388408,28.388409
chessie 1.0.0,24,r3k2r/8/8/8/8/8/8/4K3 b kq - 0 1,3343187,0.13941093,23980810,23.98081
shakmaty 0.27.2,25,8/8/8/8/8/8/6k1/4K2R b K - 0 1,192596,0.005624196,34244184,34.244183
cozy-chess 0.3.4,25,8/8/8/8/8/8/6k1/4K2R b K - 0 1,192596,0.005888134,32709176,32.709175
chess 3.2.0,25,8/8/8/8/8/8/6k1/4K2R b K - 0 1,192596,0.005794447,33238030,33.23803
chessie 1.0.0,25,8/8/8/8/8/8/6k1/4K2R b K - 0 1,192596,0.007150584,26934304,26.934303
shakmaty 0.27.2,26,8/8/8/8/8/8/1k6/R3K3 b Q - 0 1,392791,0.011433582,34354150,34.354153
cozy-chess 0.3.4,26,8/8/8/8/8/8/1k6/R3K3 b Q - 0 1,392791,0.011682692,33621616,33.621616
chess 3.2.0,26,8/8/8/8/8/8/1k6/R3K3 b Q - 0 1,392791,0.011546706,34017580,34.01758
chessie 1.0.0,26,8/8/8/8/8/8/1k6/R3K3 b Q - 0 1,392791,0.014369388,27335262,27.335262
shakmaty 0.27.2,27,4k2r/6K1/8/8/8/8/8/8 b k - 0 1,226435,0.009860275,22964368,22.964369
cozy-chess 0.3.4,27,4k2r/6K1/8/8/8/8/8/8 b k - 0 1,226435,0.009999117,22645500,22.6455
chess 3.2.0,27,4k2r/6K1/8/8/8/8/8/8 b k - 0 1,226435,0.008594848,26345434,26.345434
chessie 1.0.0,27,4k2r/6K1/8/8/8/8/8/8 b k - 0 1,226435,0.010112611,22391350,22.39135
shakmaty 0.27.2,28,r3k3/1K6/8/8/8/8/8/8 b q - 0 1,499308,0.020730155,24086072,24.086073
cozy-chess 0.3.4,28,r3k3/1K6/8/8/8/8/8/8 b q - 0 1,499308,0.021249644,23497240,23.49724
chess 3.2.0,28,r3k3/1K6/8/8/8/8/8/8 b q - 0 1,499308,0.018521369,26958484,26.958485
chessie 1.0.0,28,r3k3/1K6/8/8/8/8/8/8 b q - 0 1,499308,0.021493925,23230192,23.230192
shakmaty 0.27.2,29,r3k2r/8/8/8/8/8/8/R3K2R b KQkq - 0 1,187786148,4.86763,38578556,38.578556
cozy-chess 0.3.4,29,r3k2r/8/8/8/8/8/8/R3K2R b KQkq - 0 1,187786148,4.97221,37767140,37.76714
chess 3.2.0,29,r3k2r/8/8/8/8/8/8/R3K2R b KQkq - 0 1,187786148,5.029349,37338064,37.338062
chessie 1.0.0,29,r3k2r/8/8/8/8/8/8/R3K2R b KQkq - 0 1,187786148,6.4306593,29201694,29.201694
shakmaty 0.27.2,30,r3k2r/8/8/8/8/8/8/1R2K2R b Kkq - 0 1,206877396,5.2951818,39068988,39.06899
cozy-chess 0.3.4,30,r3k2r/8/8/8/8/8/8/1R2K2R b Kkq - 0 1,206877396,5.3878975,38396684,38.396683
chess 3.2.0,30,r3k2r/8/8/8/8/8/8/1R2K2R b Kkq - 0 1,206877396,5.5204678,37474612,37.474613
chessie 1.0.0,30,r3k2r/8/8/8/8/8/8/1R2K2R b Kkq - 0 1,206877396,7.0564694,29317408,29.317408
shakmaty 0.27.2,31,r3k2r/8/8/8/8/8/8/2R1K2R b Kkq - 0 1,194000704,4.9777637,38973468,38.97347
cozy-chess 0.3.4,31,r3k2r/8/8/8/8/8/8/2R1K2R b Kkq - 0 1,194000704,5.06745,38283692,38.28369
chess 3.2.0,31,r3k2r/8/8/8/8/8/8/2R1K2R b Kkq - 0 1,194000704,5.1623044,37580252,37.580254
chessie 1.0.0,31,r3k2r/8/8/8/8/8/8/2R1K2R b Kkq - 0 1,194000704,6.601595,29386944,29.386944
shakmaty 0.27.2,32,r3k2r/8/8/8/8/8/8/R3K1R1 b Qkq - 0 1,198939403,5.0851946,39121296,39.121296
cozy-chess 0.3.4,32,r3k2r/8/8/8/8/8/8/R3K1R1 b Qkq - 0 1,198939403,5.2087154,38193564,38.193565
chess 3.2.0,32,r3k2r/8/8/8/8/8/8/R3K1R1 b Qkq - 0 1,198939403,5.2772655,37697440,37.69744
chessie 1.0.0,32,r3k2r/8/8/8/8/8/8/R3K1R1 b Qkq - 0 1,198939403,6.7566423,29443530,29.44353
shakmaty 0.27.2,33,1r2k2r/8/8/8/8/8/8/R3K2R b KQk - 0 1,204126860,5.237115,38976970,38.976967
cozy-chess 0.3.4,33,1r2k2r/8/8/8/8/8/8/R3K2R b KQk - 0 1,204126860,5.3606157,38078996,38.078995
chess 3.2.0,33,1r2k2r/8/8/8/8/8/8/R3K2R b KQk - 0 1,204126860,5.4672456,37336330,37.336327
chessie 1.0.0,33,1r2k2r/8/8/8/8/8/8/R3K2R b KQk - 0 1,204126860,6.9866633,29216646,29.216646
shakmaty 0.27.2,34,2r1k2r/8/8/8/8/8/8/R3K2R b KQk - 0 1,192474722,4.951452,38872380,38.87238
cozy-chess 0.3.4,34,2r1k2r/8/8/8/8/8/8/R3K2R b KQk - 0 1,192474722,5.074517,37929664,37.929665
chess 3.2.0,34,2r1k2r/8/8/8/8/8/8/R3K2R b KQk - 0 1,192474722,5.1539245,37345270,37.345272
chessie 1.0.0,34,2r1k2r/8/8/8/8/8/8/R3K2R b KQk - 0 1,192474722,6.589158,29210822,29.210821
shakmaty 0.27.2,35,r3k1r1/8/8/8/8/8/8/R3K2R b KQq - 0 1,197433097,5.060925,39011268,39.01127
cozy-chess 0.3.4,35,r3k1r1/8/8/8/8/8/8/R3K2R b KQq - 0 1,197433097,5.191532,38029830,38.02983
chess 3.2.0,35,r3k1r1/8/8/8/8/8/8/R3K2R b KQq - 0 1,197433097,5.292023,37307680,37.30768
chessie 1.0.0,35,r3k1r1/8/8/8/8/8/8/R3K2R b KQq - 0 1,197433097,6.7557178,29224594,29.224594
shakmaty 0.27.2,36,8/1n4N1/2k5/8/8/5K2/1N4n1/8 w - - 0 1,8719909,0.2587962,33694116,33.694115
cozy-chess 0.3.4,36,8/1n4N1/2k5/8/8/5K2/1N4n1/8 w - - 0 1,8719909,0.26429772,32992752,32.992752
chess 3.2.0,36,8/1n4N1/2k5/8/8/5K2/1N4n1/8 w - - 0 1,8719909,0.25640306,34008600,34.0086
chessie 1.0.0,36,8/1n4N1/2k5/8/8/5K2/1N4n1/8 w - - 0 1,8719909,0.30678847,28423196,28.423197
shakmaty 0.27.2,37,8/1k6/8/5N2/8/4n3/8/2K5 w - - 0 1,2840256,0.086982526,32653180,32.65318
cozy-chess 0.3.4,37,8/1k6/8/5N2/8/4n3/8/2K5 w - - 0 1,2840256,0.088501774,32092644,32.092644
chess 3.2.0,37,8/1k6/8/5N2/8/4n3/8/2K5 w - - 0 1,2840256,0.084939666,33438512,33.43851
chessie 1.0.0,37,8/1k6/8/5N2/8/4n3/8/2K5 w - - 0 1,2840256,0.10511621,27020152,27.020151
shakmaty 0.27.2,38,8/8/4k3/3Nn3/3nN3/4K3/8/8 w - - 0 1,21147036,0.59828246,35346240,35.34624
cozy-chess 0.3.4,38,8/8/4k3/3Nn3/3nN3/4K3/8/8 w - - 0 1,21147036,0.60394067,35015090,35.015087
chess 3.2.0,38,8/8/4k3/3Nn3/3nN3/4K3/8/8 w - - 0 1,21147036,0.60201657,35127000,35.127
chessie 1.0.0,38,8/8/4k3/3Nn3/3nN3/4K3/8/8 w - - 0 1,21147036,0.72887635,29013200,29.0132
shakmaty 0.27.2,39,K7/8/2n5/1n6/8/8/8/k6N w - - 0 1,632743,0.018178524,34807172,34.80717
cozy-chess 0.3.4,39,K7/8/2n5/1n6/8/8/8/k6N w - - 0 1,632743,0.018050602,35053844,35.053844
chess 3.2.0,39,K7/8/2n5/1n6/8/8/8/k6N w - - 0 1,632743,0.018223578,34721116,34.721115
chessie 1.0.0,39,K7/8/2n5/1n6/8/8/8/k6N w - - 0 1,632743,0.022278436,28401590,28.40159
shakmaty 0.27.2,40,k7/8/2N5/1N6/8/8/8/K6n w - - 0 1,787846,0.027758015,28382648,28.382648
cozy-chess 0.3.4,40,k7/8/2N5/1N6/8/8/8/K6n w - - 0 1,787846,0.027425116,28727172,28.727173
chess 3.2.0,40,k7/8/2N5/1N6/8/8/8/K6n w - - 0 1,787846,0.025559895,30823522,30.823523
chessie 1.0.0,40,k7/8/2N5/1N6/8/8/8/K6n w - - 0 1,787846,0.031072875,25354782,25.354782
shakmaty 0.27.2,41,8/1n4N1/2k5/8/8/5K2/1N4n1/8 b - - 0 1,9128982,0.26468354,34490176,34.490177
cozy-chess 0.3.4,41,8/1n4N1/2k5/8/8/5K2/1N4n1/8 b - - 0 1,9128982,0.26892284,33946470,33.946472
chess 3.2.0,41,8/1n4N1/2k5/8/8/5K2/1N4n1/8 b - - 0 1,9128982,0.26286834,34728344,34.728344
chessie 1.0.0,41,8/1n4N1/2k5/8/8/5K2/1N4n1/8 b - - 0 1,9128982,0.31861854,28651760,28.65176
shakmaty 0.27.2,42,8/1k6/8/5N2/8/4n3/8/2K5 b - - 0 1,3462833,0.10783145,32113386,32.113384
cozy-chess 0.3.4,42,8/1k6/8/5N2/8/4n3/8/2K5 b - - 0 1,3462833,0.108455144,31928712,31.928713
chess 3.2.0,42,8/1k6/8/5N2/8/4n3/8/2K5 b - - 0 1,3462833,0.10489615,33012012,33.012012
chessie 1.0.0,42,8/1k6/8/5N2/8/4n3/8/2K5 b - - 0 1,3462833,0.12682326,27304400,27.3044
shakmaty 0.27.2,43,8/8/3K4/3Nn3/3nN3/4k3/8/8 b - - 0 1,4703682,0.13500212,34841540,34.84154
cozy-chess 0.3.4,43,8/8/3K4/3Nn3/3nN3/4k3/8/8 b - - 0 1,4703682,0.13480419,34892700,34.8927
chess 3.2.0,43,8/8/3K4/3Nn3/3nN3/4k3/8/8 b - - 0 1,4703682,0.13577692,34642720,34.64272
chessie 1.0.0,43,8/8/3K4/3Nn3/3nN3/4k3/8/8 b - - 0 1,4703682,0.16385882,28705700,28.7057
shakmaty 0.27.2,44,K7/8/2n5/1n6/8/8/8/k6N b - - 0 1,787846,0.027268,28892694,28.892694
cozy-chess 0.3.4,44,K7/8/2n5/1n6/8/8/8/k6N b - - 0 1,787846,0.0272689,28891742,28.891743
chess 3.2.0,44,K7/8/2n5/1n6/8/8/8/k6N b - - 0 1,787846,0.025868395,30455928,30.455929
chessie 1.0.0,44,K7/8/2n5/1n6/8/8/8/k6N b - - 0 1,787846,0.0310061,25409388,25.409388
shakmaty 0.27.2,45,k7/8/2N5/1N6/8/8/8/K6n b - - 0 1,632743,0.01839982,34388544,34.388542
cozy-chess 0.3.4,45,k7/8/2N5/1N6/8/8/8/K6n b - - 0 1,632743,0.018165229,34832650,34.83265
chess 3.2.0,45,k7/8/2N5/1N6/8/8/8/K6n b - - 0 1,632743,0.01828272,34608800,34.6088
chessie 1.0.0,45,k7/8/2N5/1N6/8/8/8/K6n b - - 0 1,632743,0.022353537,28306168,28.306168
shakmaty 0.27.2,46,B6b/8/8/8/2K5/4k3/8/b6B w - - 0 1,24226077,0.6709118,36109184,36.109184
cozy-chess 0.3.4,46,B6b/8/8/8/2K5/4k3/8/b6B w - - 0 1,24226077,0.68369794,35433890,35.433887
chess 3.2.0,46,B6b/8/8/8/2K5/4k3/8/b6B w - - 0 1,24226077,0.6714855,36078332,36.07833
chessie 1.0.0,46,B6b/8/8/8/2K5/4k3/8/b6B w - - 0 1,24226077,0.82789236,29262350,29.26235
shakmaty 0.27.2,47,8/8/1B6/7b/7k/8/2B1b3/7K w - - 0 1,30673958,0.8480179,36171356,36.171356
cozy-chess 0.3.4,47,8/8/1B6/7b/7k/8/2B1b3/7K w - - 0 1,30673958,0.85207176,35999264,35.999264
chess 3.2.0,47,8/8/1B6/7b/7k/8/2B1b3/7K w - - 0 1,30673958,0.84428304,36331370,36.331367
chessie 1.0.0,47,8/8/1B6/7b/7k/8/2B1b3/7K w - - 0 1,30673958,1.0652874,28794070,28.79407
shakmaty 0.27.2,48,k7/B7/1B6/1B6/8/8/8/K6b w - - 0 1,8705559,0.2675401,32539268,32.53927
cozy-chess 0.3.4,48,k7/B7/1B6/1B6/8/8/8/K6b w - - 0 1,8705559,0.2648495,32869832,32.86983
chess 3.2.0,48,k7/B7/1B6/1B6/8/8/8/K6b w - - 0 1,8705559,0.2538671,34291800,34.2918
chessie 1.0.0,48,k7/B7/1B6/1B6/8/8/8/K6b w - - 0 1,8705559,0.31818342,27360190,27.36019
shakmaty 0.27.2,49,K7/b7/1b6/1b6/8/8/8/k6B w - - 0 1,7727111,0.19980651,38672970,38.67297
cozy-chess 0.3.4,49,K7/b7/1b6/1b6/8/8/8/k6B w - - 0 1,7727111,0.19975358,38683216,38.683216
chess 3.2.0,49,K7/b7/1b6/1b6/8/8/8/k6B w - - 0 1,7727111,0.20779842,37185610,37.185608
chessie 1.0.0,49,K7/b7/1b6/1b6/8/8/8/k6B w - - 0 1,7727111,0.25878525,29859164,29.859163
shakmaty 0.27.2,50,8/8/1B6/7b/7k/8/2B1b3/7K b - - 0 1,30718017,0.8163019,37630704,37.630703
cozy-chess 0.3.4,50,8/8/1B6/7b/7k/8/2B1b3/7K b - - 0 1,30718017,0.8102515,37911708,37.91171
chess 3.2.0,50,8/8/1B6/7b/7k/8/2B1b3/7K b - - 0 1,30718017,0.83723533,36689824,36.689823
chessie 1.0.0,50,8/8/1B6/7b/7k/8/2B1b3/7K b - - 0 1,30718017,1.0469208,29341300,29.3413
shakmaty 0.27.2,51,k7/B7/1B6/1B6/8/8/8/K6b b - - 0 1,7727111,0.19903822,38822250,38.822247
cozy-chess 0.3.4,51,k7/B7/1B6/1B6/8/8/8/K6b b - - 0 1,7727111,0.20058839,38522224,38.522224
chess 3.2.0,51,k7/B7/1B6/1B6/8/8/8/K6b b - - 0 1,7727111,0.2038273,37910090,37.910088
chessie 1.0.0,51,k7/B7/1B6/1B6/8/8/8/K6b b - - 0 1,7727111,0.25592813,30192504,30.192505
shakmaty 0.27.2,52,K7/b7/1b6/1b6/8/8/8/k6B b - - 0 1,8705559,0.2682426,32454052,32.454052
cozy-chess 0.3.4,52,K7/b7/1b6/1b6/8/8/8/k6B b - - 0 1,8705559,0.2742073,31748094,31.748095
chess 3.2.0,52,K7/b7/1b6/1b6/8/8/8/k6B b - - 0 1,8705559,0.25354993,34334692,34.33469
chessie 1.0.0,52,K7/b7/1b6/1b6/8/8/8/k6B b - - 0 1,8705559,0.31802958,27373426,27.373426
shakmaty 0.27.2,53,7k/RR6/8/8/8/8/rr6/7K w - - 0 1,47227732,1.2190642,38740972,38.74097
cozy-chess 0.3.4,53,7k/RR6/8/8/8/8/rr6/7K w - - 0 1,47227732,1.228055,38457344,38.457344
chess 3.2.0,53,7k/RR6/8/8/8/8/rr6/7K w - - 0 1,47227732,1.2551758,37626388,37.62639
chessie 1.0.0,53,7k/RR6/8/8/8/8/rr6/7K w - - 0 1,47227732,1.6147656,29247422,29.247421
shakmaty 0.27.2,54,R6r/8/8/2K5/5k2/8/8/r6R w - - 0 1,546477303,14.009937,39006410,39.00641
cozy-chess 0.3.4,54,R6r/8/8/2K5/5k2/8/8/r6R w - - 0 1,546477303,14.591051,37452908,37.452908
chess 3.2.0,54,R6r/8/8/2K5/5k2/8/8/r6R w - - 0 1,546477303,14.683701,37216590,37.21659
chessie 1.0.0,54,R6r/8/8/2K5/5k2/8/8/r6R w - - 0 1,546477303,18.742832,29156602,29.156603
shakmaty 0.27.2,55,7k/RR6/8/8/8/8/rr6/7K b - - 0 1,47227732,1.2225307,38631120,38.63112
cozy-chess 0.3.4,55,7k/RR6/8/8/8/8/rr6/7K b - - 0 1,47227732,1.2090609,39061500,39.0615
chess 3.2.0,55,7k/RR6/8/8/8/8/rr6/7K b - - 0 1,47227732,1.2431794,37989470,37.98947
chessie 1.0.0,55,7k/RR6/8/8/8/8/rr6/7K b - - 0 1,47227732,1.6224644,29108640,29.10864
shakmaty 0.27.2,56,R6r/8/8/2K5/5k2/8/8/r6R b - - 0 1,546289748,13.954699,39147370,39.14737
cozy-chess 0.3.4,56,R6r/8/8/2K5/5k2/8/8/r6R b - - 0 1,546289748,14.381467,37985676,37.985676
chess 3.2.0,56,R6r/8/8/2K5/5k2/8/8/r6R b - - 0 1,546289748,14.702842,37155384,37.155384
chessie 1.0.0,56,R6r/8/8/2K5/5k2/8/8/r6R b - - 0 1,546289748,18.716438,29187696,29.187696
shakmaty 0.27.2,57,6kq/8/8/8/8/8/8/7K w - - 0 1,410218,0.010759681,38125480,38.12548
cozy-chess 0.3.4,57,6kq/8/8/8/8/8/8/7K w - - 0 1,410218,0.011534725,35563744,35.563744
chess 3.2.0,57,6kq/8/8/8/8/8/8/7K w - - 0 1,410218,0.011666635,35161640,35.16164
chessie 1.0.0,57,6kq/8/8/8/8/8/8/7K w - - 0 1,410218,0.014888098,27553418,27.553417
shakmaty 0.27.2,58,6KQ/8/8/8/8/8/8/7k b - - 0 1,410218,0.010803895,37969456,37.969456
cozy-chess 0.3.4,58,6KQ/8/8/8/8/8/8/7k b - - 0 1,410218,0.011576444,35435580,35.43558
chess 3.2.0,58,6KQ/8/8/8/8/8/8/7k b - - 0 1,410218,0.011805507,34748020,34.74802
chessie 1.0.0,58,6KQ/8/8/8/8/8/8/7k b - - 0 1,410218,0.015096703,27172688,27.172688
shakmaty 0.27.2,59,K7/8/8/3Q4/4q3/8/8/7k w - - 0 1,3545801,0.094422914,37552336,37.552338
cozy-chess 0.3.4,59,K7/8/8/3Q4/4q3/8/8/7k w - - 0 1,3545801,0.10131124,34999090,34.99909
chess 3.2.0,59,K7/8/8/3Q4/4q3/8/8/7k w - - 0 1,3545801,0.099502295,35635370,35.63537
chessie 1.0.0,59,K7/8/8/3Q4/4q3/8/8/7k w - - 0 1,3545801,0.12799793,27702018,27.702019
shakmaty 0.27.2,60,6qk/8/8/8/8/8/8/7K b - - 0 1,530365,0.024016429,22083424,22.083424
cozy-chess 0.3.4,60,6qk/8/8/8/8/8/8/7K b - - 0 1,530365,0.024035497,22065906,22.065907
chess 3.2.0,60,6qk/8/8/8/8/8/8/7K b - - 0 1,530365,0.020662254,25668304,25.668304
chessie 1.0.0,60,6qk/8/8/8/8/8/8/7K b - - 0 1,530365,0.024226647,21891804,21.891804
shakmaty 0.27.2,61,6KQ/8/8/8/8/8/8/7k b - - 0 1,410218,0.011234559,36513940,36.51394
cozy-chess 0.3.4,61,6KQ/8/8/8/8/8/8/7k b - - 0 1,410218,0.011750052,34912016,34.912018
chess 3.2.0,61,6KQ/8/8/8/8/8/8/7k b - - 0 1,410218,0.011986158,34224310,34.22431
chessie 1.0.0,61,6KQ/8/8/8/8/8/8/7k b - - 0 1,410218,0.015355632,26714498,26.714499
shakmaty 0.27.2,62,K7/8/8/3Q4/4q3/8/8/7k b - - 0 1,3545801,0.09796792,36193490,36.19349
cozy-chess 0.3.4,62,K7/8/8/3Q4/4q3/8/8/7k b - - 0 1,3545801,0.098287,36075990,36.075993
chess 3.2.0,62,K7/8/8/3Q4/4q3/8/8/7k b - - 0 1,3545801,0.099405944,35669908,35.669907
chessie 1.0.0,62,K7/8/8/3Q4/4q3/8/8/7k b - - 0 1,3545801,0.12932506,27417740,27.41774
shakmaty 0.27.2,63,8/8/8/8/8/K7/P7/k7 w - - 0 1,7848,0.000403261,19461342,19.461342
cozy-chess 0.3.4,63,8/8/8/8/8/K7/P7/k7 w - - 0 1,7848,0.000410745,19106744,19.106745
chess 3.2.0,63,8/8/8/8/8/K7/P7/k7 w - - 0 1,7848,0.000361242,21725048,21.725048
chessie 1.0.0,63,8/8/8/8/8/K7/P7/k7 w - - 0 1,7848,0.000461442,17007554,17.007553
shakmaty 0.27.2,64,8/8/8/8/8/7K/7P/7k w - - 0 1,7848,0.000399935,19623188,19.623188
cozy-chess 0.3.4,64,8/8/8/8/8/7K/7P/7k w - - 0 1,7848,0.000412019,19047666,19.047667
chess 3.2.0,64,8/8/8/8/8/7K/7P/7k w - - 0 1,7848,0.000361563,21705760,21.70576
chessie 1.0.0,64,8/8/8/8/8/7K/7P/7k w - - 0 1,7848,0.0004557,17221856,17.221855
shakmaty 0.27.2,65,K7/p7/k7/8/8/8/8/8 w - - 0 1,2781,0.00015859,17535784,17.535784
cozy-chess 0.3.4,65,K7/p7/k7/8/8/8/8/8 w - - 0 1,2781,0.000159802,17402786,17.402786
chess 3.2.0,65,K7/p7/k7/8/8/8/8/8 w - - 0 1,2781,0.000154622,17985798,17.985798
chessie 1.0.0,65,K7/p7/k7/8/8/8/8/8 w - - 0 1,2781,0.000220046,12638267,12.638267
shakmaty 0.27.2,66,7K/7p/7k/8/8/8/8/8 w - - 0 1,2781,0.000164651,16890270,16.89027
cozy-chess 0.3.4,66,7K/7p/7k/8/8/8/8/8 w - - 0 1,2781,0.000168038,16549829,16.54983
chess 3.2.0,66,7K/7p/7k/8/8/8/8/8 w - - 0 1,2781,0.000133693,20801388,20.801388
chessie 1.0.0,66,7K/7p/7k/8/8/8/8/8 w - - 0 1,2781,0.000215286,12917700,12.9177
shakmaty 0.27.2,67,8/2k1p3/3pP3/3P2K1/8/8/8/8 w - - 0 1,43205,0.001921278,22487636,22.487637
cozy-chess 0.3.4,67,8/2k1p3/3pP3/3P2K1/8/8/8/8 w - - 0 1,43205,0.002248788,19212572,19.212572
chess 3.2.0,67,8/2k1p3/3pP3/3P2K1/8/8/8/8 w - - 0 1,43205,0.001839634,23485650,23.48565
chessie 1.0.0,67,8/2k1p3/3pP3/3P2K1/8/8/8/8 w - - 0 1,43205,0.002208611,19562068,19.562069
shakmaty 0.27.2,68,8/8/8/8/8/K7/P7/k7 b - - 0 1,2781,0.000170241,16335666,16.335667
cozy-chess 0.3.4,68,8/8/8/8/8/K7/P7/k7 b - - 0 1,2781,0.000219394,12675825,12.675825
chess 3.2.0,68,8/8/8/8/8/K7/P7/k7 b - - 0 1,2781,0.000156405,17780762,17.780762
chessie 1.0.0,68,8/8/8/8/8/K7/P7/k7 b - - 0 1,2781,0.000244141,11390958,11.390958
shakmaty 0.27.2,69,8/8/8/8/8/7K/7P/7k b - - 0 1,2781,0.000195268,14241965,14.241965
cozy-chess 0.3.4,69,8/8/8/8/8/7K/7P/7k b - - 0 1,2781,0.000167036,16649105,16.649105
chess 3.2.0,69,8/8/8/8/8/7K/7P/7k b - - 0 1,2781,0.000162347,17129974,17.129974
chessie 1.0.0,69,8/8/8/8/8/7K/7P/7k b - - 0 1,2781,0.000228662,12162056,12.162056
shakmaty 0.27.2,70,K7/p7/k7/8/8/8/8/8 b - - 0 1,7848,0.000410996,19095076,19.095076
cozy-chess 0.3.4,70,K7/p7/k7/8/8/8/8/8 b - - 0 1,7848,0.000425263,18454462,18.454462
chess 3.2.0,70,K7/p7/k7/8/8/8/8/8 b - - 0 1,7848,0.000352936,22236326,22.236326
chessie 1.0.0,70,K7/p7/k7/8/8/8/8/8 b - - 0 1,7848,0.000448106,17513714,17.513714
shakmaty 0.27.2,71,7K/7p/7k/8/8/8/8/8 b - - 0 1,7848,0.000418831,18737868,18.737867
cozy-chess 0.3.4,71,7K/7p/7k/8/8/8/8/8 b - - 0 1,7848,0.000410896,19099724,19.099724
chess 3.2.0,71,7K/7p/7k/8/8/8/8/8 b - - 0 1,7848,0.000365991,21443150,21.44315
chessie 1.0.0,71,7K/7p/7k/8/8/8/8/8 b - - 0 1,7848,0.000458456,17118328,17.118328
shakmaty 0.27.2,72,8/2k1p3/3pP3/3P2K1/8/8/8/8 b - - 0 1,41543,0.001791163,23193310,23.19331
cozy-chess 0.3.4,72,8/2k1p3/3pP3/3P2K1/8/8/8/8 b - - 0 1,41543,0.00184228,22549774,22.549774
chess 3.2.0,72,8/2k1p3/3pP3/3P2K1/8/8/8/8 b - - 0 1,41543,0.001622184,25609302,25.609303
chessie 1.0.0,72,8/2k1p3/3pP3/3P2K1/8/8/8/8 b - - 0 1,41543,0.002011899,20648652,20.648651
shakmaty 0.27.2,73,8/8/8/8/8/4k3/4P3/4K3 w - - 0 1,13998,0.000640931,21840104,21.840103
cozy-chess 0.3.4,73,8/8/8/8/8/4k3/4P3/4K3 w - - 0 1,13998,0.000654166,21398238,21.398237
chess 3.2.0,73,8/8/8/8/8/4k3/4P3/4K3 w - - 0 1,13998,0.000586999,23846718,23.846718
chessie 1.0.0,73,8/8/8/8/8/4k3/4P3/4K3 w - - 0 1,13998,0.000721602,19398504,19.398504
shakmaty 0.27.2,74,4k3/4p3/4K3/8/8/8/8/8 b - - 0 1,13998,0.000642884,21773758,21.773758
cozy-chess 0.3.4,74,4k3/4p3/4K3/8/8/8/8/8 b - - 0 1,13998,0.000673823,20774002,20.774002
chess 3.2.0,74,4k3/4p3/4K3/8/8/8/8/8 b - - 0 1,13998,0.000594583,23542550,23.54255
chessie 1.0.0,74,4k3/4p3/4K3/8/8/8/8/8 b - - 0 1,13998,0.000730751,19155636,19.155636
shakmaty 0.27.2,75,8/8/7k/7p/7P/7K/8/8 w - - 0 1,13122,0.000662441,19808556,19.808556
cozy-chess 0.3.4,75,8/8/7k/7p/7P/7K/8/8 w - - 0 1,13122,0.00066144,19838534,19.838533
chess 3.2.0,75,8/8/7k/7p/7P/7K/8/8 w - - 0 1,13122,0.000535201,24517892,24.517893
chessie 1.0.0,75,8/8/7k/7p/7P/7K/8/8 w - - 0 1,13122,0.000679753,19304070,19.30407
shakmaty 0.27.2,76,8/8/k7/p7/P7/K7/8/8 w - - 0 1,13122,0.00059831,21931774,21.931774
cozy-chess 0.3.4,76,8/8/k7/p7/P7/K7/8/8 w - - 0 1,13122,0.000660387,19870168,19.870169
chess 3.2.0,76,8/8/k7/p7/P7/K7/8/8 w - - 0 1,13122,0.000546913,23992846,23.992846
chessie 1.0.0,76,8/8/k7/p7/P7/K7/8/8 w - - 0 1,13122,0.000705102,18610074,18.610073
shakmaty 0.27.2,77,8/8/3k4/3p4/3P4/3K4/8/8 w - - 0 1,62938,0.002513116,25043810,25.04381
cozy-chess 0.3.4,77,8/8/3k4/3p4/3P4/3K4/8/8 w - - 0 1,62938,0.002662939,23634788,23.634789
chess 3.2.0,77,8/8/3k4/3p4/3P4/3K4/8/8 w - - 0 1,62938,0.00230342,27323718,27.323717
chessie 1.0.0,77,8/8/3k4/3p4/3P4/3K4/8/8 w - - 0 1,62938,0.002743972,22936822,22.936823
shakmaty 0.27.2,78,8/3k4/3p4/8/3P4/3K4/8/8 w - - 0 1,184457,0.007254531,25426454,25.426455
cozy-chess 0.3.4,78,8/3k4/3p4/8/3P4/3K4/8/8 w - - 0 1,184457,0.007538267,24469418,24.469418
chess 3.2.0,78,8/3k4/3p4/8/3P4/3K4/8/8 w - - 0 1,184457,0.006755499,27304718,27.304718
chessie 1.0.0,78,8/3k4/3p4/8/3P4/3K4/8/8 w - - 0 1,184457,0.007953682,23191398,23.191399
shakmaty 0.27.2,79,8/8/3k4/3p4/8/3P4/3K4/8 w - - 0 1,183395,0.00689386,26602658,26.602657
cozy-chess 0.3.4,79,8/8/3k4/3p4/8/3P4/3K4/8 w - - 0 1,183395,0.007455611,24598252,24.598251
chess 3.2.0,79,8/8/3k4/3p4/8/3P4/3K4/8 w - - 0 1,183395,0.007125678,25737200,25.7372
chessie 1.0.0,79,8/8/3k4/3p4/8/3P4/3K4/8 w - - 0 1,183395,0.007772319,23595918,23.595919
shakmaty 0.27.2,80,k7/8/3p4/8/3P4/8/8/7K w - - 0 1,25053,0.00102184,24517536,24.517536
cozy-chess 0.3.4,80,k7/8/3p4/8/3P4/8/8/7K w - - 0 1,25053,0.001073267,23342748,23.342749
chess 3.2.0,80,k7/8/3p4/8/3P4/8/8/7K w - - 0 1,25053,0.00094251,26581150,26.58115
chessie 1.0.0,80,k7/8/3p4/8/3P4/8/8/7K w - - 0 1,25053,0.001269408,19735970,19.73597
shakmaty 0.27.2,81,8/8/7k/7p/7P/7K/8/8 b - - 0 1,13122,0.000610934,21478588,21.478588
cozy-chess 0.3.4,81,8/8/7k/7p/7P/7K/8/8 b - - 0 1,13122,0.000718377,18266174,18.266174
chess 3.2.0,81,8/8/7k/7p/7P/7K/8/8 b - - 0 1,13122,0.000551783,23781088,23.781088
chessie 1.0.0,81,8/8/7k/7p/7P/7K/8/8 b - - 0 1,13122,0.000711464,18443660,18.44366
shakmaty 0.27.2,82,8/8/k7/p7/P7/K7/8/8 b - - 0 1,13122,0.000617215,21260014,21.260014
cozy-chess 0.3.4,82,8/8/k7/p7/P7/K7/8/8 b - - 0 1,13122,0.000837291,15671971,15.671971
chess 3.2.0,82,8/8/k7/p7/P7/K7/8/8 b - - 0 1,13122,0.000789091,16629261,16.629261
chessie 1.0.0,82,8/8/k7/p7/P7/K7/8/8 b - - 0 1,13122,0.000991403,13235788,13.235788
shakmaty 0.27.2,83,8/8/3k4/3p4/3P4/3K4/8/8 b - - 0 1,62938,0.003262031,19294116,19.294115
cozy-chess 0.3.4,83,8/8/3k4/3p4/3P4/3K4/8/8 b - - 0 1,62938,0.002724967,23096794,23.096794
chess 3.2.0,83,8/8/3k4/3p4/3P4/3K4/8/8 b - - 0 1,62938,0.002387419,26362360,26.36236
chessie 1.0.0,83,8/8/3k4/3p4/3P4/3K4/8/8 b - - 0 1,62938,0.002734194,23018850,23.01885
shakmaty 0.27.2,84,8/3k4/3p4/8/3P4/3K4/8/8 b - - 0 1,183395,0.008374617,21898910,21.89891
cozy-chess 0.3.4,84,8/3k4/3p4/8/3P4/3K4/8/8 b - - 0 1,183395,0.0073969,24793494,24.793493
chess 3.2.0,84,8/3k4/3p4/8/3P4/3K4/8/8 b - - 0 1,183395,0.007569557,24227970,24.22797
chessie 1.0.0,84,8/3k4/3p4/8/3P4/3K4/8/8 b - - 0 1,183395,0.008067025,22733908,22.733908
shakmaty 0.27.2,85,8/8/3k4/3p4/8/3P4/3K4/8 b - - 0 1,184457,0.007475749,24674048,24.674047
cozy-chess 0.3.4,85,8/8/3k4/3p4/8/3P4/3K4/8 b - - 0 1,184457,0.00756606,24379532,24.379532
chess 3.2.0,85,8/8/3k4/3p4/8/3P4/3K4/8 b - - 0 1,184457,0.006881747,26803804,26.803804
chessie 1.0.0,85,8/8/3k4/3p4/8/3P4/3K4/8 b - - 0 1,184457,0.00807501,22842944,22.842943
shakmaty 0.27.2,86,k7/8/3p4/8/3P4/8/8/7K b - - 0 1,25058,0.000984229,25459522,25.459522
cozy-chess 0.3.4,86,k7/8/3p4/8/3P4/8/8/7K b - - 0 1,25058,0.001049452,23877224,23.877224
chess 3.2.0,86,k7/8/3p4/8/3P4/8/8/7K b - - 0 1,25058,0.000932551,26870380,26.87038
chessie 1.0.0,86,k7/8/3p4/8/3P4/8/8/7K b - - 0 1,25058,0.001257164,19932164,19.932163
shakmaty 0.27.2,87,7k/3p4/8/8/3P4/8/8/K7 w - - 0 1,37712,0.001435912,26263448,26.263449
cozy-chess 0.3.4,87,7k/3p4/8/8/3P4/8/8/K7 w - - 0 1,37712,0.001659855,22720056,22.720057
chess 3.2.0,87,7k/3p4/8/8/3P4/8/8/K7 w - - 0 1,37712,0.001659865,22719920,22.71992
chessie 1.0.0,87,7k/3p4/8/8/3P4/8/8/K7 w - - 0 1,37712,0.002529718,14907591,14.907591
shakmaty 0.27.2,88,7k/8/8/3p4/8/8/3P4/K7 w - - 0 1,36622,0.001803446,20306680,20.30668
cozy-chess 0.3.4,88,7k/8/8/3p4/8/8/3P4/K7 w - - 0 1,36622,0.001535931,23843518,23.843517
chess 3.2.0,88,7k/8/8/3p4/8/8/3P4/K7 w - - 0 1,36622,0.001348226,27163102,27.163101
chessie 1.0.0,88,7k/8/8/3p4/8/8/3P4/K7 w - - 0 1,36622,0.001669162,21940352,21.940351
shakmaty 0.27.2,89,k7/8/8/7p/6P1/8/8/K7 w - - 0 1,49029,0.001929996,25403680,25.40368
cozy-chess 0.3.4,89,k7/8/8/7p/6P1/8/8/K7 w - - 0 1,49029,0.001927741,25433396,25.433395
chess 3.2.0,89,k7/8/8/7p/6P1/8/8/K7 w - - 0 1,49029,0.001782477,27506104,27.506104
chessie 1.0.0,89,k7/8/8/7p/6P1/8/8/K7 w - - 0 1,49029,0.002213811,22146876,22.146875
shakmaty 0.27.2,90,k7/8/7p/8/8/6P1/8/K7 w - - 0 1,34791,0.001376911,25267430,25.26743
cozy-chess 0.3.4,90,k7/8/7p/8/8/6P1/8/K7 w - - 0 1,34791,0.001407899,24711290,24.71129
chess 3.2.0,90,k7/8/7p/8/8/6P1/8/K7 w - - 0 1,34791,0.001359207,25596544,25.596544
chessie 1.0.0,90,k7/8/7p/8/8/6P1/8/K7 w - - 0 1,34791,0.001615782,21531988,21.531988
shakmaty 0.27.2,91,k7/8/8/6p1/7P/8/8/K7 w - - 0 1,49029,0.001844153,26586188,26.586187
cozy-chess 0.3.4,91,k7/8/8/6p1/7P/8/8/K7 w - - 0 1,49029,0.002029884,24153598,24.153599
chess 3.2.0,91,k7/8/8/6p1/7P/8/8/K7 w - - 0 1,49029,0.001764683,27783460,27.78346
chessie 1.0.0,91,k7/8/8/6p1/7P/8/8/K7 w - - 0 1,49029,0.002220904,22076146,22.076145
shakmaty 0.27.2,92,k7/8/6p1/8/8/7P/8/K7 w - - 0 1,34791,0.001332436,26110822,26.110823
cozy-chess 0.3.4,92,k7/8/6p1/8/8/7P/8/K7 w - - 0 1,34791,0.001393853,24960308,24.960308
chess 3.2.0,92,k7/8/6p1/8/8/7P/8/K7 w - - 0 1,34791,0.001316196,26432992,26.432993
chessie 1.0.0,92,k7/8/6p1/8/8/7P/8/K7 w - - 0 1,34791,0.001644606,21154610,21.15461
shakmaty 0.27.2,93,k7/8/8/3p4/4p3/8/8/7K w - - 0 1,26574,0.00109569,24253212,24.253212
cozy-chess 0.3.4,93,k7/8/8/3p4/4p3/8/8/7K w - - 0 1,26574,0.001084088,24512770,24.51277
chess 3.2.0,93,k7/8/8/3p4/4p3/8/8/7K w - - 0 1,26574,0.000989579,26853844,26.853844
chessie 1.0.0,93,k7/8/8/3p4/4p3/8/8/7K w - - 0 1,26574,0.001258476,21116016,21.116016
shakmaty 0.27.2,94,k7/8/3p4/8/8/4P3/8/7K w - - 0 1,33691,0.001321426,25495942,25.495941
cozy-chess 0.3.4,94,k7/8/3p4/8/8/4P3/8/7K w - - 0 1,33691,0.001446442,23292328,23.292328
chess 3.2.0,94,k7/8/3p4/8/8/4P3/8/7K w - - 0 1,33691,0.001236215,27253350,27.25335
chessie 1.0.0,94,k7/8/3p4/8/8/4P3/8/7K w - - 0 1,33691,0.001607547,20958018,20.958017
shakmaty 0.27.2,95,7k/3p4/8/8/3P4/8/8/K7 b - - 0 1,38042,0.001507728,25231342,25.231342
cozy-chess 0.3.4,95,7k/3p4/8/8/3P4/8/8/K7 b - - 0 1,38042,0.001638554,23216812,23.216812
chess 3.2.0,95,7k/3p4/8/8/3P4/8/8/K7 b - - 0 1,38042,0.001427146,26655996,26.655996
chessie 1.0.0,95,7k/3p4/8/8/3P4/8/8/K7 b - - 0 1,38042,0.001715209,22179222,22.179222
shakmaty 0.27.2,96,7k/8/8/3p4/8/8/3P4/K7 b - - 0 1,36259,0.001416145,25604016,25.604015
cozy-chess 0.3.4,96,7k/8/8/3p4/8/8/3P4/K7 b - - 0 1,36259,0.001582989,22905402,22.905401
chess 3.2.0,96,7k/8/8/3p4/8/8/3P4/K7 b - - 0 1,36259,0.001335813,27143770,27.14377
chessie 1.0.0,96,7k/8/8/3p4/8/8/3P4/K7 b - - 0 1,36259,0.001675194,21644658,21.644657
shakmaty 0.27.2,97,k7/8/8/7p/6P1/8/8/K7 b - - 0 1,49029,0.001907442,25704058,25.704058
cozy-chess 0.3.4,97,k7/8/8/7p/6P1/8/8/K7 b - - 0 1,49029,0.001944161,25218590,25.21859
chess 3.2.0,97,k7/8/8/7p/6P1/8/8/K7 b - - 0 1,49029,0.001767148,27744704,27.744703
chessie 1.0.0,97,k7/8/8/7p/6P1/8/8/K7 b - - 0 1,49029,0.002243788,21850996,21.850996
shakmaty 0.27.2,98,k7/8/7p/8/8/6P1/8/K7 b - - 0 1,34791,0.001366851,25453396,25.453396
cozy-chess 0.3.4,98,k7/8/7p/8/8/6P1/8/K7 b - - 0 1,34791,0.001444699,24081832,24.081833
chess 3.2.0,98,k7/8/7p/8/8/6P1/8/K7 b - - 0 1,34791,0.001266201,27476680,27.47668
chessie 1.0.0,98,k7/8/7p/8/8/6P1/8/K7 b - - 0 1,34791,0.001595804,21801550,21.80155
shakmaty 0.27.2,99,k7/8/8/6p1/7P/8/8/K7 b - - 0 1,49029,0.00191634,25584708,25.584707
cozy-chess 0.3.4,99,k7/8/8/6p1/7P/8/8/K7 b - - 0 1,49029,0.001948861,25157770,25.15777
chess 3.2.0,99,k7/8/8/6p1/7P/8/8/K7 b - - 0 1,49029,0.001806021,27147526,27.147526
chessie 1.0.0,99,k7/8/8/6p1/7P/8/8/K7 b - - 0 1,49029,0.002193713,22349778,22.349777
shakmaty 0.27.2,100,k7/8/6p1/8/8/7P/8/K7 b - - 0 1,34791,0.001335312,26054584,26.054585
cozy-chess 0.3.4,100,k7/8/6p1/8/8/7P/8/K7 b - - 0 1,34791,0.001393081,24974140,24.97414
chess 3.2.0,100,k7/8/6p1/8/8/7P/8/K7 b - - 0 1,34791,0.001337166,26018462,26.018461
chessie 1.0.0,100,k7/8/6p1/8/8/7P/8/K7 b - - 0 1,34791,0.001664494,20901848,20.901848
shakmaty 0.27.2,101,k7/8/8/3p4/4p3/8/8/7K b - - 0 1,27607,0.001187032,23257166,23.257166
cozy-chess 0.3.4,101,k7/8/8/3p4/4p3/8/8/7K b - - 0 1,27607,0.001216618,22691592,22.691591
chess 3.2.0,101,k7/8/8/3p4/4p3/8/8/7K b - - 0 1,27607,0.001146496,24079456,24.079456
chessie 1.0.0,101,k7/8/8/3p4/4p3/8/8/7K b - - 0 1,27607,0.001380918,19991774,19.991774
shakmaty 0.27.2,102,k7/8/3p4/8/8/4P3/8/7K b - - 0 1,33691,0.001306788,25781536,25.781536
cozy-chess 0.3.4,102,k7/8/3p4/8/8/4P3/8/7K b - - 0 1,33691,0.001368885,24612000,24.612
chess 3.2.0,102,k7/8/3p4/8/8/4P3/8/7K b - - 0 1,33691,0.001280379,26313302,26.313301
chessie 1.0.0,102,k7/8/3p4/8/8/4P3/8/7K b - - 0 1,33691,0.001568092,21485346,21.485346
shakmaty 0.27.2,103,7k/8/8/p7/1P6/8/8/7K w - - 0 1,49029,0.001833543,26740034,26.740034
cozy-chess 0.3.4,103,7k/8/8/p7/1P6/8/8/7K w - - 0 1,49029,0.002034222,24102090,24.10209
chess 3.2.0,103,7k/8/8/p7/1P6/8/8/7K w - - 0 1,49029,0.001823344,26889604,26.889605
chessie 1.0.0,103,7k/8/8/p7/1P6/8/8/7K w - - 0 1,49029,0.002212008,22164928,22.164928
shakmaty 0.27.2,104,7k/8/p7/8/8/1P6/8/7K w - - 0 1,34791,0.00136108,25561320,25.56132
cozy-chess 0.3.4,104,7k/8/p7/8/8/1P6/8/7K w - - 0 1,34791,0.001405134,24759916,24.759916
chess 3.2.0,104,7k/8/p7/8/8/1P6/8/7K w - - 0 1,34791,0.001266182,27477092,27.477093
chessie 1.0.0,104,7k/8/p7/8/8/1P6/8/7K w - - 0 1,34791,0.00158267,21982472,21.982471
shakmaty 0.27.2,105,7k/8/8/1p6/P7/8/8/7K w - - 0 1,49029,0.001893556,25892554,25.892553
cozy-chess 0.3.4,105,7k/8/8/1p6/P7/8/8/7K w - - 0 1,49029,0.001938001,25298748,25.298748
chess 3.2.0,105,7k/8/8/1p6/P7/8/8/7K w - - 0 1,49029,0.001813766,27031602,27.031603
chessie 1.0.0,105,7k/8/8/1p6/P7/8/8/7K w - - 0 1,49029,0.002252464,21766830,21.76683
shakmaty 0.27.2,106,7k/8/1p6/8/8/P7/8/7K w - - 0 1,34791,0.001387911,25067168,25.067167
cozy-chess 0.3.4,106,7k/8/1p6/8/8/P7/8/7K w - - 0 1,34791,0.001420633,24489786,24.489786
chess 3.2.0,106,7k/8/1p6/8/8/P7/8/7K w - - 0 1,34791,0.001378353,25240994,25.240993
chessie 1.0.0,106,7k/8/1p6/8/8/P7/8/7K w - - 0 1,34791,0.001597588,21777204,21.777205
shakmaty 0.27.2,107,k7/7p/8/8/8/8/6P1/K7 w - - 0 1,64138,0.002359847,27178880,27.17888
cozy-chess 0.3.4,107,k7/7p/8/8/8/8/6P1/K7 w - - 0 1,64138,0.002536861,25282426,25.282427
chess 3.2.0,107,k7/7p/8/8/8/8/6P1/K7 w - - 0 1,64138,0.002242174,28605274,28.605274
chessie 1.0.0,107,k7/7p/8/8/8/8/6P1/K7 w - - 0 1,64138,0.002874469,22312992,22.312992
shakmaty 0.27.2,108,k7/6p1/8/8/8/8/7P/K7 w - - 0 1,64138,0.002348145,27314326,27.314325
cozy-chess 0.3.4,108,k7/6p1/8/8/8/8/7P/K7 w - - 0 1,64138,0.002496165,25694616,25.694616
chess 3.2.0,108,k7/6p1/8/8/8/8/7P/K7 w - - 0 1,64138,0.002297239,27919604,27.919603
chessie 1.0.0,108,k7/6p1/8/8/8/8/7P/K7 w - - 0 1,64138,0.002804757,22867578,22.867579
shakmaty 0.27.2,109,3k4/3pp3/8/8/8/8/3PP3/3K4 w - - 0 1,226460,0.008534408,26534938,26.534939
cozy-chess 0.3.4,109,3k4/3pp3/8/8/8/8/3PP3/3K4 w - - 0 1,226460,0.008758021,25857440,25.85744
chess 3.2.0,109,3k4/3pp3/8/8/8/8/3PP3/3K4 w - - 0 1,226460,0.008196891,27627548,27.627548
chessie 1.0.0,109,3k4/3pp3/8/8/8/8/3PP3/3K4 w - - 0 1,226460,0.00976336,23194884,23.194883
shakmaty 0.27.2,110,7k/8/8/p7/1P6/8/8/7K b - - 0 1,49029,0.001875842,26137062,26.137062
cozy-chess 0.3.4,110,7k/8/8/p7/1P6/8/8/7K b - - 0 1,49029,0.00202264,24240102,24.240103
chess 3.2.0,110,7k/8/8/p7/1P6/8/8/7K b - - 0 1,49029,0.001937519,25305042,25.305042
chessie 1.0.0,110,7k/8/8/p7/1P6/8/8/7K b - - 0 1,49029,0.002221576,22069468,22.069468
shakmaty 0.27.2,111,7k/8/p7/8/8/1P6/8/7K b - - 0 1,34791,0.001391909,24995170,24.99517
cozy-chess 0.3.4,111,7k/8/p7/8/8/1P6/8/7K b - - 0 1,34791,0.001408891,24693890,24.69389
chess 3.2.0,111,7k/8/p7/8/8/1P6/8/7K b - - 0 1,34791,0.001331014,26138718,26.138718
chessie 1.0.0,111,7k/8/p7/8/8/1P6/8/7K b - - 0 1,34791,0.001538255,22617186,22.617186
shakmaty 0.27.2,112,7k/8/8/1p6/P7/8/8/7K b - - 0 1,49029,0.001825328,26860378,26.860378
cozy-chess 0.3.4,112,7k/8/8/1p6/P7/8/8/7K b - - 0 1,49029,0.002021227,24257048,24.257048
chess 3.2.0,112,7k/8/8/1p6/P7/8/8/7K b - - 0 1,49029,0.001746279,28076270,28.07627
chessie 1.0.0,112,7k/8/8/1p6/P7/8/8/7K b - - 0 1,49029,0.002189665,22391096,22.391096
shakmaty 0.27.2,113,7k/8/1p6/8/8/P7/8/7K b - - 0 1,34791,0.001410254,24670024,24.670025
cozy-chess 0.3.4,113,7k/8/1p6/8/8/P7/8/7K b - - 0 1,34791,0.00139254,24983842,24.983843
chess 3.2.0,113,7k/8/1p6/8/8/P7/8/7K b - - 0 1,34791,0.001292712,26913186,26.913185
chessie 1.0.0,113,7k/8/1p6/8/8/P7/8/7K b - - 0 1,34791,0.001605853,21665122,21.665121
shakmaty 0.27.2,114,k7/7p/8/8/8/8/6P1/K7 b - - 0 1,64138,0.002555216,25100814,25.100815
cozy-chess 0.3.4,114,k7/7p/8/8/8/8/6P1/K7 b - - 0 1,64138,0.002512064,25531992,25.531992
chess 3.2.0,114,k7/7p/8/8/8/8/6P1/K7 b - - 0 1,64138,0.002393841,26792924,26.792925
chessie 1.0.0,114,k7/7p/8/8/8/8/6P1/K7 b - - 0 1,64138,0.002898354,22129112,22.129112
shakmaty 0.27.2,115,k7/6p1/8/8/8/8/7P/K7 b - - 0 1,64138,0.0025097,25556044,25.556044
cozy-chess 0.3.4,115,k7/6p1/8/8/8/8/7P/K7 b - - 0 1,64138,0.002474453,25920072,25.920073
chess 3.2.0,115,k7/6p1/8/8/8/8/7P/K7 b - - 0 1,64138,0.002297098,27921316,27.921316
chessie 1.0.0,115,k7/6p1/8/8/8/8/7P/K7 b - - 0 1,64138,0.002767847,23172524,23.172523
shakmaty 0.27.2,116,3k4/3pp3/8/8/8/8/3PP3/3K4 b - - 0 1,226460,0.008841889,25612174,25.612173
cozy-chess 0.3.4,116,3k4/3pp3/8/8/8/8/3PP3/3K4 b - - 0 1,226460,0.009145423,24762114,24.762114
chess 3.2.0,116,3k4/3pp3/8/8/8/8/3PP3/3K4 b - - 0 1,226460,0.008250172,27449124,27.449123
chessie 1.0.0,116,3k4/3pp3/8/8/8/8/3PP3/3K4 b - - 0 1,226460,0.009712633,23316026,23.316027
shakmaty 0.27.2,117,8/Pk6/8/8/8/8/6Kp/8 w - - 0 1,1130148,0.03591425,31467956,31.467957
cozy-chess 0.3.4,117,8/Pk6/8/8/8/8/6Kp/8 w - - 0 1,1130148,0.038348455,29470496,29.470495
chess 3.2.0,117,8/Pk6/8/8/8/8/6Kp/8 w - - 0 1,1130148,0.03620941,31211446,31.211447
chessie 1.0.0,117,8/Pk6/8/8/8/8/6Kp/8 w - - 0 1,1130148,0.04338014,26052198,26.052198
shakmaty 0.27.2,118,n1n5/1Pk5/8/8/8/8/5Kp1/5N1N w - - 0 1,39991571,1.1282102,35446916,35.446915
cozy-chess 0.3.4,118,n1n5/1Pk5/8/8/8/8/5Kp1/5N1N w - - 0 1,39991571,1.1891295,33630964,33.630962
chess 3.2.0,118,n1n5/1Pk5/8/8/8/8/5Kp1/5N1N w - - 0 1,39991571,1.1870385,33690204,33.690205
chessie 1.0.0,118,n1n5/1Pk5/8/8/8/8/5Kp1/5N1N w - - 0 1,39991571,1.4358153,27852866,27.852865
shakmaty 0.27.2,119,8/PPPk4/8/8/8/8/4Kppp/8 w - - 0 1,30476770,0.838258,36357264,36.357265
cozy-chess 0.3.4,119,8/PPPk4/8/8/8/8/4Kppp/8 w - - 0 1,30476770,0.9204977,33109012,33.109013
chess 3.2.0,119,8/PPPk4/8/8/8/8/4Kppp/8 w - - 0 1,30476770,0.9150877,33304754,33.304752
chessie 1.0.0,119,8/PPPk4/8/8/8/8/4Kppp/8 w - - 0 1,30476770,1.0870324,28036670,28.03667
shakmaty 0.27.2,120,n1n5/PPPk4/8/8/8/8/4Kppp/5N1N w - - 0 1,74977083,2.040812,36738850,36.73885
cozy-chess 0.3.4,120,n1n5/PPPk4/8/8/8/8/4Kppp/5N1N w - - 0 1,74977083,2.2261949,33679476,33.679478
chess 3.2.0,120,n1n5/PPPk4/8/8/8/8/4Kppp/5N1N w - - 0 1,74977083,2.236014,33531580,33.53158
chessie 1.0.0,120,n1n5/PPPk4/8/8/8/8/4Kppp/5N1N w - - 0 1,74977083,2.7067258,27700286,27.700287
shakmaty 0.27.2,121,8/Pk6/8/8/8/8/6Kp/8 b - - 0 1,1130148,0.035635605,31714012,31.714012
cozy-chess 0.3.4,121,8/Pk6/8/8/8/8/6Kp/8 b - - 0 1,1130148,0.03856107,29308006,29.308006
chess 3.2.0,121,8/Pk6/8/8/8/8/6Kp/8 b - - 0 1,1130148,0.036500856,30962232,30.962233
chessie 1.0.0,121,8/Pk6/8/8/8/8/6Kp/8 b - - 0 1,1130148,0.043366555,26060360,26.06036
shakmaty 0.27.2,122,n1n5/1Pk5/8/8/8/8/5Kp1/5N1N b - - 0 1,39991571,1.1092656,36052296,36.052296
cozy-chess 0.3.4,122,n1n5/1Pk5/8/8/8/8/5Kp1/5N1N b - - 0 1,39991571,1.1806494,33872520,33.87252
chess 3.2.0,122,n1n5/1Pk5/8/8/8/8/5Kp1/5N1N b - - 0 1,39991571,1.183104,33802244,33.802242
chessie 1.0.0,122,n1n5/1Pk5/8/8/8/8/5Kp1/5N1N b - - 0 1,39991571,1.4571873,27444360,27.44436
shakmaty 0.27.2,123,8/PPPk4/8/8/8/8/4Kppp/8 b - - 0 1,30476770,0.8299813,36719828,36.71983
cozy-chess 0.3.4,123,8/PPPk4/8/8/8/8/4Kppp/8 b - - 0 1,30476770,0.9088075,33534900,33.5349
chess 3.2.0,123,8/PPPk4/8/8/8/8/4Kppp/8 b - - 0 1,30476770,0.9190378,33161606,33.161606
chessie 1.0.0,123,8/PPPk4/8/8/8/8/4Kppp/8 b - - 0 1,30476770,1.1103541,27447794,27.447794
shakmaty 0.27.2,124,n1n5/PPPk4/8/8/8/8/4Kppp/5N1N b - - 0 1,74977083,2.0410728,36734150,36.734154
cozy-chess 0.3.4,124,n1n5/PPPk4/8/8/8/8/4Kppp/5N1N b - - 0 1,74977083,2.2206297,33763884,33.763885
chess 3.2.0,124,n1n5/PPPk4/8/8/8/8/4Kppp/5N1N b - - 0 1,74977083,2.2411547,33454666,33.454666
chessie 1.0.0,124,n1n5/PPPk4/8/8/8/8/4Kppp/5N1N b - - 0 1,74977083,2.74899,27274410,27.27441
shakmaty 0.27.2,125,8/2p5/3p4/KP5r/1R3p1k/8/4P1P1/8 w - - 0 1,11747945,0.3434273,34207950,34.20795
cozy-chess 0.3.4,125,8/2p5/3p4/KP5r/1R3p1k/8/4P1P1/8 w - - 0 1,11747945,0.3560383,32996296,32.996296
chess 3.2.0,125,8/2p5/3p4/KP5r/1R3p1k/8/4P1P1/8 w - - 0 1,11747945,0.35378647,33206316,33.206318
chessie 1.0.0,125,8/2p5/3p4/KP5r/1R3p1k/8/4P1P1/8 w - - 0 1,11747945,0.458303,25633576,25.633575
shakmaty 0.27.2,126,rnbqkb1r/ppppp1pp/7n/4Pp2/8/8/PPPP1PPP/RNBQKBNR w KQkq f6 0 3,11139762,0.28157118,39562864,39.562862
cozy-chess 0.3.4,126,rnbqkb1r/ppppp1pp/7n/4Pp2/8/8/PPPP1PPP/RNBQKBNR w KQkq f6 0 3,11139762,0.306798,36309760,36.30976
chess 3.2.0,126,rnbqkb1r/ppppp1pp/7n/4Pp2/8/8/PPPP1PPP/RNBQKBNR w KQkq f6 0 3,11139762,0.30307245,36756104,36.756104
chessie 1.0.0,126,rnbqkb1r/ppppp1pp/7n/4Pp2/8/8/PPPP1PPP/RNBQKBNR w KQkq f6 0 3,11139762,0.41493914,26846738,26.846739
